意向学员微信号,删除来源微信号,删除绑定日期,参考来源微信号,参考绑定日期,规则
wxid_tr027a0dza1921,搜索,2025/11/03 17:07:50,yyllysys,2025/11/03 09:07:40,同意向学员+已报名+晚8小时(±1分钟)删除
qq972975381,shiliuma78549,2025/11/03 18:38:16,asdfw264976,2025/11/03 10:38:07,同意向学员+已报名+晚8小时(±1分钟)删除
cx1396634120,搜索,2025/11/06 19:19:59,wxid_tfc910ouc3t712,2025/11/06 11:19:51,同意向学员+已报名+晚8小时(±1分钟)删除
wxid_uzmen8qsuygi22,搜索,2025/11/13 18:39:25,zxl181110,2025/11/13 10:39:16,同意向学员+已报名+晚8小时(±1分钟)删除
jiaorifengydhcg,搜索,2025/11/16 04:19:59,Dear_youth,2025/11/15 20:19:51,同意向学员+已报名+晚8小时(±1分钟)删除
QYY_0712,搜索,2025/11/19 00:31:54,Ahhnmgdzhwnqshc,2025/11/18 16:31:45,同意向学员+已报名+晚8小时(±1分钟)删除
Cylyccc,搜索,2025/11/21 16:36:18,Ahhnmgdzhwnqshc,2025/11/21 08:36:09,同意向学员+已报名+晚8小时(±1分钟)删除
li18931090659,Romy20150621,2025/11/30 18:01:40,,2025/11/30 10:01:30,同意向学员+已报名+晚8小时(±1分钟)删除
ydmx8610,cartoonabc_Johnny,2025/12/02 06:00:42,,2025/12/01 22:00:32,同意向学员+已报名+晚8小时(±1分钟)删除
WJpangge,yy61649290,2025/12/02 06:57:28,,2025/12/01 22:57:19,同意向学员+已报名+晚8小时(±1分钟)删除
yang2320624,cartoonabc_Johnny,2025/12/02 19:55:51,,2025/12/02 11:55:42,同意向学员+已报名+晚8小时(±1分钟)删除
HLL401855176,xue1052341416,2025/12/03 06:14:10,,2025/12/02 22:14:02,同意向学员+已报名+晚8小时(±1分钟)删除
HXY520250,cartoonabc_Johnny,2025/12/05 02:56:01,,2025/12/04 18:55:52,同意向学员+已报名+晚8小时(±1分钟)删除
MG15947513246,cartoonabc_Johnny,2025/12/07 01:29:21,,2025/12/06 17:29:12,同意向学员+已报名+晚8小时(±1分钟)删除
zuozuomu0209,cartoonabc_Johnny,2025/12/09 19:09:10,,2025/12/09 11:09:02,同意向学员+已报名+晚8小时(±1分钟)删除
xijier123,cartoonabc_Johnny,2025/12/11 03:28:13,,2025/12/10 19:28:05,同意向学员+已报名+晚8小时(±1分钟)删除
zlx4444,cartoonabc_Johnny,2025/12/11 19:52:18,,2025/12/11 11:52:09,同意向学员+已报名+晚8小时(±1分钟)删除
wxid_chnzm42gx1so21,KrismileBY,2025/12/14 05:45:47,,2025/12/13 21:45:39,同意向学员+已报名+晚8小时(±1分钟)删除
hrhr10088,Shaolili777777,2025/12/15 17:15:44,,2025/12/15 09:15:35,同意向学员+已报名+晚8小时(±1分钟)删除
sui757262451,yy61649290,2025/12/17 18:41:15,,2025/12/17 10:41:05,同意向学员+已报名+晚8小时(±1分钟)删除
COLORFULDAY0225,cartoonabc_Johnny,2025/12/18 00:59:23,,2025/12/17 16:59:16,同意向学员+已报名+晚8小时(±1分钟)删除
xiaodingdang_1988,cartoonabc_Johnny,2025/12/18 05:47:16,,2025/12/17 21:47:08,同意向学员+已报名+晚8小时(±1分钟)删除
C-X20200114,QH17356910225,2025/12/19 03:55:12,,2025/12/18 19:55:04,同意向学员+已报名+晚8小时(±1分钟)删除
wy20100404ls,cartoonabc_Johnny,2025/12/19 22:08:22,,2025/12/19 14:08:15,同意向学员+已报名+晚8小时(±1分钟)删除
lf2009lf,gointorose,2025/12/19 23:38:51,,2025/12/19 15:38:44,同意向学员+已报名+晚8小时(±1分钟)删除
xumeilin18270864330,MRF199417,2025/12/21 20:34:32,,2025/12/21 12:34:25,同意向学员+已报名+晚8小时(±1分钟)删除
li15561258620,cartoonabc_Johnny,2025/12/23 04:05:46,,2025/12/22 20:05:38,同意向学员+已报名+晚8小时(±1分钟)删除
wxid_jqnmtawbvdms11,a18745838024,2025/12/23 04:36:20,,2025/12/22 20:36:10,同意向学员+已报名+晚8小时(±1分钟)删除
zl0208--__,qq458673533,2025/12/23 05:21:02,,2025/12/22 21:20:52,同意向学员+已报名+晚8小时(±1分钟)删除
dreamfly1987,y236575876,2025/12/23 06:17:14,,2025/12/22 22:17:05,同意向学员+已报名+晚8小时(±1分钟)删除
syetpy,Shengxia272,2025/12/23 16:03:03,,2025/12/23 08:02:55,同意向学员+已报名+晚8小时(±1分钟)删除
xiaodan1601363881,cartoonabc_Johnny,2025/12/23 20:26:43,,2025/12/23 12:26:34,同意向学员+已报名+晚8小时(±1分钟)删除
pplgzx,tongma66623,2025/12/23 21:52:03,,2025/12/23 13:51:54,同意向学员+已报名+晚8小时(±1分钟)删除
huan844088,lily2adu,2025/12/23 22:26:34,,2025/12/23 14:26:22,同意向学员+已报名+晚8小时(±1分钟)删除
Tank-85091027,cartoonabc_Johnny,2025/12/24 18:57:25,,2025/12/24 10:57:17,同意向学员+已报名+晚8小时(±1分钟)删除
a13792656712,shiliuma78549,2025/12/25 21:17:45,,2025/12/25 13:17:37,同意向学员+已报名+晚8小时(±1分钟)删除
zgyyk9202,whywhy1212,2025/12/26 01:54:24,,2025/12/25 17:54:16,同意向学员+已报名+晚8小时(±1分钟)删除
yh694193320,aimeizipzlz,2025/12/26 21:46:18,,2025/12/26 13:46:10,同意向学员+已报名+晚8小时(±1分钟)删除
Feixue0815,kaijiema88888,2025/12/27 00:15:40,,2025/12/26 16:15:32,同意向学员+已报名+晚8小时(±1分钟)删除
hushnow000000,cartoonabc_Johnny,2025/12/28 08:28:08,,2025/12/28 00:28:01,同意向学员+已报名+晚8小时(±1分钟)删除
ily123456xxxxxx,modoing,2025/12/30 02:09:12,,2025/12/29 18:09:04,同意向学员+已报名+晚8小时(±1分钟)删除
ylx8746,xingxingma88888,2025/12/30 19:04:56,,2025/12/30 11:04:48,同意向学员+已报名+晚8小时(±1分钟)删除
wxid_514520182,Kema88818,2025/12/30 21:19:41,,2025/12/30 13:19:25,同意向学员+已报名+晚8小时(±1分钟)删除
gzr117967468,cartoonabc_Johnny,2025/12/30 21:19:50,,2025/12/30 13:19:25,同意向学员+已报名+晚8小时(±1分钟)删除
QQ448716912,Tank-85091027,2025/12/30 23:27:58,,2025/12/30 15:27:51,同意向学员+已报名+晚8小时(±1分钟)删除
y627790147,y236575876,2025/12/31 04:14:03,,2025/12/30 20:13:54,同意向学员+已报名+晚8小时(±1分钟)删除
fhn20220115,jqqq240625,2025/12/31 23:08:56,,2025/12/31 15:08:45,同意向学员+已报名+晚8小时(±1分钟)删除
gao368661,cartoonabc_Johnny,2026/01/01 18:26:40,,2026/01/01 10:26:12,同意向学员+已报名+晚8小时(±1分钟)删除
lily624783562,cartoonabc_Johnny,2026/01/01 18:26:43,,2026/01/01 10:26:16,同意向学员+已报名+晚8小时(±1分钟)删除
liyinghui111,cartoonabc_Johnny,2026/01/04 00:29:35,,2026/01/03 16:29:27,同意向学员+已报名+晚8小时(±1分钟)删除
mxkzytzlq,mengkaka258947,2026/01/05 21:45:49,,2026/01/05 13:45:38,同意向学员+已报名+晚8小时(±1分钟)删除
xueyongcong100729,syx789678,2026/01/05 22:49:16,,2026/01/05 14:49:07,同意向学员+已报名+晚8小时(±1分钟)删除
zl921127,cartoonabc_Johnny,2026/01/06 01:39:30,,2026/01/05 17:39:20,同意向学员+已报名+晚8小时(±1分钟)删除
why-99love,baicai4027,2026/01/06 04:09:46,,2026/01/05 20:09:37,同意向学员+已报名+晚8小时(±1分钟)删除
DUAN894100,cartoonabc_Johnny,2026/01/06 04:37:34,,2026/01/05 20:37:25,同意向学员+已报名+晚8小时(±1分钟)删除
qiangwei0621,modoing,2026/01/06 05:02:09,,2026/01/05 21:02:01,同意向学员+已报名+晚8小时(±1分钟)删除
ym13847265928,syx789678,2026/01/06 17:43:07,,2026/01/06 09:42:59,同意向学员+已报名+晚8小时(±1分钟)删除
syx789678,cartoonabc_Johnny,2026/01/06 18:46:48,,2026/01/06 10:46:40,同意向学员+已报名+晚8小时(±1分钟)删除
shiGuoqiya,待填写,2026/01/06 22:48:29,gointorose,2026/01/06 14:48:21,同意向学员+已报名+晚8小时(±1分钟)删除
Harmony8520,cartoonabc_Johnny,2026/01/07 00:15:40,,2026/01/06 16:15:33,同意向学员+已报名+晚8小时(±1分钟)删除
liunini2013,cartoonabc_Johnny,2026/01/07 01:36:06,,2026/01/06 17:35:56,同意向学员+已报名+晚8小时(±1分钟)删除
lq18047490294,syetpy,2026/01/07 22:33:39,,2026/01/07 14:33:31,同意向学员+已报名+晚8小时(±1分钟)删除
maolixiaosilang,cartoonabc_Johnny,2026/01/08 00:25:06,,2026/01/07 16:24:59,同意向学员+已报名+晚8小时(±1分钟)删除
wn826765853,syetpy,2026/01/08 02:26:35,,2026/01/07 18:26:25,同意向学员+已报名+晚8小时(±1分钟)删除
VeronicaSong,yuangulongdong120,2026/01/08 06:24:01,,2026/01/07 22:23:54,同意向学员+已报名+晚8小时(±1分钟)删除
JXJ850567494,lily2adu,2026/01/08 20:55:14,,2026/01/08 12:55:05,同意向学员+已报名+晚8小时(±1分钟)删除
monica-6200,yy61649290,2026/01/08 21:07:35,,2026/01/08 13:07:28,同意向学员+已报名+晚8小时(±1分钟)删除
meiling626573,cartoonabc_Johnny,2026/01/09 03:47:33,,2026/01/08 19:47:25,同意向学员+已报名+晚8小时(±1分钟)删除
puya501189595,kaijiema88888,2026/01/09 20:50:34,,2026/01/09 12:50:25,同意向学员+已报名+晚8小时(±1分钟)删除
youandjiajia630,cartoonabc_Johnny,2026/01/09 23:10:08,,2026/01/09 15:10:00,同意向学员+已报名+晚8小时(±1分钟)删除
wxid_fjbqhdr0qss422,z18748934077,2026/01/09 23:19:19,,2026/01/09 15:19:10,同意向学员+已报名+晚8小时(±1分钟)删除
baijieLV,cartoonabc_Johnny,2026/01/10 04:46:53,,2026/01/09 20:46:45,同意向学员+已报名+晚8小时(±1分钟)删除
Wcylove88,kaijiema88888,2026/01/10 18:48:51,,2026/01/10 10:48:43,同意向学员+已报名+晚8小时(±1分钟)删除
yundongjiayou40,sallyaiyundong,2026/01/10 19:21:22,,2026/01/10 11:21:14,同意向学员+已报名+晚8小时(±1分钟)删除
TZ99662244,jch81931,2026/01/10 19:42:44,,2026/01/10 11:42:36,同意向学员+已报名+晚8小时(±1分钟)删除
PS_Mxiao,lc13386335656,2026/01/11 19:04:27,,2026/01/11 11:04:18,同意向学员+已报名+晚8小时(±1分钟)删除
BAICHUN0826,Kema88818,2026/01/11 20:26:56,,2026/01/11 12:26:48,同意向学员+已报名+晚8小时(±1分钟)删除
yyllysys,fanliangzhen001,2026/01/11 23:26:17,,2026/01/11 15:26:09,同意向学员+已报名+晚8小时(±1分钟)删除
sytbnjj,cartoonabc_Johnny,2026/01/12 16:33:43,,2026/01/12 08:33:35,同意向学员+已报名+晚8小时(±1分钟)删除
wxid_gu3l5yuqdtbm31,cartoonabc_Johnny,2026/01/12 17:20:58,,2026/01/12 09:20:50,同意向学员+已报名+晚8小时(±1分钟)删除
manba_1618,a18686055748,2026/01/12 17:33:19,,2026/01/12 09:33:11,同意向学员+已报名+晚8小时(±1分钟)删除
ddmm13149393,cartoonabc_Johnny,2026/01/12 20:05:50,,2026/01/12 12:05:43,同意向学员+已报名+晚8小时(±1分钟)删除
SCP490229414,Kema88818,2026/01/12 23:48:02,,2026/01/12 15:47:53,同意向学员+已报名+晚8小时(±1分钟)删除
hong4093,Q-396815,2026/01/13 23:01:59,,2026/01/13 15:01:51,同意向学员+已报名+晚8小时(±1分钟)删除
zml_fqyd,whywhy1212,2026/01/14 18:30:25,,2026/01/14 10:30:16,同意向学员+已报名+晚8小时(±1分钟)删除
mc60293229,cartoonabc_Johnny,2026/01/14 23:15:24,,2026/01/14 15:15:15,同意向学员+已报名+晚8小时(±1分钟)删除
shuangyuquanpttg,ljy1115713937,2026/01/14 23:22:24,,2026/01/14 15:22:17,同意向学员+已报名+晚8小时(±1分钟)删除
JINSE160606,hanyu1314999,2026/01/14 23:41:47,,2026/01/14 15:41:40,同意向学员+已报名+晚8小时(±1分钟)删除
mimayuershuo,Tank-85091027,2026/01/15 00:28:58,,2026/01/14 16:28:49,同意向学员+已报名+晚8小时(±1分钟)删除
ffayy8990,lily2adu,2026/01/15 01:14:59,,2026/01/14 17:14:51,同意向学员+已报名+晚8小时(±1分钟)删除
TBq1986562516,cartoonabc_Johnny,2026/01/15 01:44:46,,2026/01/14 17:44:38,同意向学员+已报名+晚8小时(±1分钟)删除
Mu1230817,mc60293229,2026/01/15 03:06:10,,2026/01/14 19:06:01,同意向学员+已报名+晚8小时(±1分钟)删除
ss18604781900,wxid_0zq921gqfca322,2026/01/15 15:19:02,,2026/01/15 07:18:55,同意向学员+已报名+晚8小时(±1分钟)删除
woaiwodezhuguozzz,wxid_5icp1fdunpli21,2026/01/15 17:45:04,,2026/01/15 09:44:57,同意向学员+已报名+晚8小时(±1分钟)删除
raindawn0428,jqqq240625,2026/01/15 17:52:44,,2026/01/15 09:52:36,同意向学员+已报名+晚8小时(±1分钟)删除
qf1989116,cartoonabc_Johnny,2026/01/15 17:54:46,,2026/01/15 09:54:37,同意向学员+已报名+晚8小时(±1分钟)删除
pp13948882124,cartoonabc_Johnny,2026/01/15 17:59:50,,2026/01/15 09:59:41,同意向学员+已报名+晚8小时(±1分钟)删除
ZZ15924415891,songwdd,2026/01/15 19:36:02,,2026/01/15 11:35:54,同意向学员+已报名+晚8小时(±1分钟)删除
mindan762173001,yuangulongdong120,2026/01/15 19:55:52,,2026/01/15 11:55:45,同意向学员+已报名+晚8小时(±1分钟)删除
tinglcheng,shiliuma78549,2026/01/15 21:30:09,,2026/01/15 13:30:01,同意向学员+已报名+晚8小时(±1分钟)删除
NDWFXXX,Esme_202503,2026/01/15 23:27:08,,2026/01/15 15:27:00,同意向学员+已报名+晚8小时(±1分钟)删除
ChengXiaoJie_0308,fl690335052,2026/01/16 22:12:47,,2026/01/16 14:12:39,同意向学员+已报名+晚8小时(±1分钟)删除
alive0221,yy61649290,2026/01/17 01:50:58,,2026/01/16 17:50:51,同意向学员+已报名+晚8小时(±1分钟)删除
wxid_wch4uu4ys8ad12,cartoonabc_Johnny,2026/01/17 04:38:44,,2026/01/16 20:38:35,同意向学员+已报名+晚8小时(±1分钟)删除
l15235860008,aimeizipzlz,2026/01/17 07:47:13,,2026/01/16 23:47:05,同意向学员+已报名+晚8小时(±1分钟)删除
ziyouxin527484,Esme_202503,2026/01/17 19:59:51,,2026/01/17 11:59:42,同意向学员+已报名+晚8小时(±1分钟)删除
Doris_ma2011,cartoonabc_Johnny,2026/01/17 23:10:07,,2026/01/17 15:09:58,同意向学员+已报名+晚8小时(±1分钟)删除
shasha917,gointorose,2026/01/17 23:10:10,,2026/01/17 15:10:02,同意向学员+已报名+晚8小时(±1分钟)删除
Vince092542,Romy20150621,2026/01/17 23:18:13,,2026/01/17 15:18:04,同意向学员+已报名+晚8小时(±1分钟)删除
Angela491985030,sky8819yun,2026/01/17 23:40:43,,2026/01/17 15:40:34,同意向学员+已报名+晚8小时(±1分钟)删除
guangyao1911,Romy20150621,2026/01/18 03:44:18,,2026/01/17 19:44:10,同意向学员+已报名+晚8小时(±1分钟)删除
wxid_oyrzlyi2utfg22,kaijiema88888,2026/01/18 05:08:53,,2026/01/17 21:08:45,同意向学员+已报名+晚8小时(±1分钟)删除
xh18653375706,kaijiema88888,2026/01/18 17:08:08,,2026/01/18 09:08:00,同意向学员+已报名+晚8小时(±1分钟)删除
SunJuan0776,syetpy,2026/01/18 19:13:18,,2026/01/18 11:13:09,同意向学员+已报名+晚8小时(±1分钟)删除
WX040524,cartoonabc_Johnny,2026/01/18 21:07:40,,2026/01/18 13:07:32,同意向学员+已报名+晚8小时(±1分钟)删除
F1111280,cartoonabc_Johnny,2026/01/18 21:14:22,,2026/01/18 13:14:14,同意向学员+已报名+晚8小时(±1分钟)删除
aizhuang1312,shiliuma78549,2026/01/19 01:09:51,,2026/01/18 17:09:42,同意向学员+已报名+晚8小时(±1分钟)删除
hyb1539511615,cartoonabc_Johnny,2026/01/19 03:51:27,,2026/01/18 19:51:20,同意向学员+已报名+晚8小时(±1分钟)删除
Shaolili777777,cartoonabc_Johnny,2026/01/19 03:59:03,,2026/01/18 19:58:55,同意向学员+已报名+晚8小时(±1分钟)删除
xinxinma9319,cartoonabc_Johnny,2026/01/19 22:25:26,,2026/01/19 14:25:18,同意向学员+已报名+晚8小时(±1分钟)删除
haosiqi532,cartoonabc_Johnny,2026/01/19 22:45:45,,2026/01/19 14:45:36,同意向学员+已报名+晚8小时(±1分钟)删除
lily2adu,cartoonabc_Johnny,2026/01/20 00:22:36,,2026/01/19 16:22:28,同意向学员+已报名+晚8小时(±1分钟)删除
yundsy,gointorose,2026/01/20 02:30:28,,2026/01/19 18:30:20,同意向学员+已报名+晚8小时(±1分钟)删除
zhoudan20110912,rryyssll,2026/01/20 03:39:17,,2026/01/19 19:39:09,同意向学员+已报名+晚8小时(±1分钟)删除
tingwanlove123,cartoonabc_Johnny,2026/01/20 03:49:42,,2026/01/19 19:49:34,同意向学员+已报名+晚8小时(±1分钟)删除
Qm00118,tongma66623,2026/01/20 04:16:03,,2026/01/19 20:15:56,同意向学员+已报名+晚8小时(±1分钟)删除
liu13863333008,wxid_y3ou9o6gp16t21,2026/01/20 18:29:33,,2026/01/20 10:29:25,同意向学员+已报名+晚8小时(±1分钟)删除
J_Smile1025,cartoonabc_Johnny,2026/01/21 00:41:43,,2026/01/20 16:41:35,同意向学员+已报名+晚8小时(±1分钟)删除
hjh01_tt,syx789678,2026/01/21 01:01:12,,2026/01/20 17:01:03,同意向学员+已报名+晚8小时(±1分钟)删除
my_4750,akinou,2026/01/21 01:19:14,,2026/01/20 17:19:05,同意向学员+已报名+晚8小时(±1分钟)删除
guoyanqiong0403,cartoonabc_Johnny,2026/01/21 04:39:14,,2026/01/20 20:39:07,同意向学员+已报名+晚8小时(±1分钟)删除
wcy0901,cartoonabc_Johnny,2026/01/21 18:06:54,,2026/01/21 10:06:45,同意向学员+已报名+晚8小时(±1分钟)删除
xue1052341416,whywhy1212,2026/01/21 19:45:58,,2026/01/21 11:45:51,同意向学员+已报名+晚8小时(±1分钟)删除
pp15854553981,Shaolili777777,2026/01/21 23:38:51,,2026/01/21 15:38:42,同意向学员+已报名+晚8小时(±1分钟)删除
T18655480163,Echojing0128,2026/01/21 23:53:49,,2026/01/21 15:53:40,同意向学员+已报名+晚8小时(±1分钟)删除
lexiaomi886,cartoonabc_Johnny,2026/01/22 03:11:16,,2026/01/21 19:11:09,同意向学员+已报名+晚8小时(±1分钟)删除
lm619728509,cartoonabc_Johnny,2026/01/22 03:50:22,,2026/01/21 19:50:14,同意向学员+已报名+晚8小时(±1分钟)删除
bailinshan,cartoonabc_Johnny,2026/01/22 05:18:21,,2026/01/21 21:18:12,同意向学员+已报名+晚8小时(±1分钟)删除
fl690335052,cartoonabc_Johnny,2026/01/22 17:42:45,,2026/01/22 09:42:38,同意向学员+已报名+晚8小时(±1分钟)删除
Q---GG14,qq3155302,2026/01/23 01:11:34,,2026/01/22 17:11:26,同意向学员+已报名+晚8小时(±1分钟)删除
fanfan12cat,yy61649290,2026/01/23 01:18:14,,2026/01/22 17:18:06,同意向学员+已报名+晚8小时(±1分钟)删除
lpyzbo,krsxd20162020,2026/01/23 02:35:05,,2026/01/22 18:34:55,同意向学员+已报名+晚8小时(±1分钟)删除
sibaomama-M,zml_fqyd,2026/01/23 02:55:12,,2026/01/22 18:55:04,同意向学员+已报名+晚8小时(±1分钟)删除
nannan19877,a18745838024,2026/01/23 04:56:58,,2026/01/22 20:56:50,同意向学员+已报名+晚8小时(±1分钟)删除
gegewhy4,cartoonabc_Johnny,2026/01/23 16:44:09,,2026/01/23 08:44:01,同意向学员+已报名+晚8小时(±1分钟)删除
gaojing7332,modoing,2026/01/23 17:47:44,,2026/01/23 09:47:36,同意向学员+已报名+晚8小时(±1分钟)删除
ellayingyu55,cartoonabc_Johnny,2026/01/23 22:00:54,,2026/01/23 14:00:45,同意向学员+已报名+晚8小时(±1分钟)删除
krsxd20162020,cartoonabc_Johnny,2026/01/23 23:01:05,,2026/01/23 15:00:56,同意向学员+已报名+晚8小时(±1分钟)删除
xiaoyanaicha168,Kema88818,2026/01/24 04:07:30,,2026/01/23 20:07:22,同意向学员+已报名+晚8小时(±1分钟)删除
wenna1060037489,syx789678,2026/01/24 04:41:01,,2026/01/23 20:40:52,同意向学员+已报名+晚8小时(±1分钟)删除
wxid_p9jws8x7i1cc52,cartoonabc_Johnny,2026/01/24 06:23:56,,2026/01/23 22:23:48,同意向学员+已报名+晚8小时(±1分钟)删除
yuchengma888888,kaijiema88888,2026/01/24 19:33:03,,2026/01/24 11:32:54,同意向学员+已报名+晚8小时(±1分钟)删除
a117965815,gointorose,2026/01/24 22:49:10,,2026/01/24 14:49:02,同意向学员+已报名+晚8小时(±1分钟)删除
Y15091442258,jqqq240625,2026/01/25 01:20:17,,2026/01/24 17:20:08,同意向学员+已报名+晚8小时(±1分钟)删除
QH17356910225,cartoonabc_Johnny,2026/01/25 02:35:36,,2026/01/24 18:35:27,同意向学员+已报名+晚8小时(±1分钟)删除
Angela15805683645,dttxtt1921,2026/01/25 18:06:30,,2026/01/25 10:06:21,同意向学员+已报名+晚8小时(±1分钟)删除
yuan_qwer_,cartoonabc_Johnny,2026/01/26 18:05:40,,2026/01/26 10:05:32,同意向学员+已报名+晚8小时(±1分钟)删除
Chenyujie3328,qqkai2019,2026/01/26 18:26:08,,2026/01/26 10:25:59,同意向学员+已报名+晚8小时(±1分钟)删除
m137535208,cartoonabc_Johnny,2026/01/26 20:01:39,,2026/01/26 12:01:31,同意向学员+已报名+晚8小时(±1分钟)删除
Victoria786346222,kaijiema88888,2026/01/26 20:35:07,,2026/01/26 12:34:57,同意向学员+已报名+晚8小时(±1分钟)删除
hope523514449,tongtongwansui9,2026/01/26 21:17:46,,2026/01/26 13:17:38,同意向学员+已报名+晚8小时(±1分钟)删除
kaimama8888,kaijiema88888,2026/01/27 09:26:42,,2026/01/27 01:26:33,同意向学员+已报名+晚8小时(±1分钟)删除
zhangjuan0811,lily2adu,2026/01/27 18:30:43,,2026/01/27 10:30:35,同意向学员+已报名+晚8小时(±1分钟)删除
ying018292,cartoonabc_Johnny,2026/01/27 22:30:54,,2026/01/27 14:30:46,同意向学员+已报名+晚8小时(±1分钟)删除
wanghairong724698575,cartoonabc_Johnny,2026/01/28 01:49:57,,2026/01/27 17:49:48,同意向学员+已报名+晚8小时(±1分钟)删除
lc13386335656,cartoonabc_Johnny,2026/01/28 18:13:10,,2026/01/28 10:13:01,同意向学员+已报名+晚8小时(±1分钟)删除
wxid_zpblquiquewi12,kaijiema88888,2026/01/28 22:12:59,,2026/01/28 14:12:50,同意向学员+已报名+晚8小时(±1分钟)删除
ruofeima666,cartoonabc_Johnny,2026/01/29 20:42:40,,2026/01/29 12:42:32,同意向学员+已报名+晚8小时(±1分钟)删除
Ashley_JDN957,cartoonabc_Johnny,2026/01/30 04:40:56,,2026/01/29 20:40:47,同意向学员+已报名+晚8小时(±1分钟)删除
qsyc426,Esme_202503,2026/01/30 17:03:40,,2026/01/30 09:03:31,同意向学员+已报名+晚8小时(±1分钟)删除
fulixinqxwd,krsxd20162020,2026/01/30 18:29:29,,2026/01/30 10:29:20,同意向学员+已报名+晚8小时(±1分钟)删除
W15638963332,shiliuma78549,2026/01/30 23:36:29,,2026/01/30 15:36:24,同意向学员+已报名+晚8小时(±1分钟)删除
cindyzhenzhen,gointorose,2026/01/31 00:53:03,,2026/01/30 16:52:58,同意向学员+已报名+晚8小时(±1分钟)删除
qq3155302,xinwenqionghuo,2026/01/31 02:20:03,Q---GG14,2026/01/30 18:20:00,同意向学员+已报名+晚8小时(±1分钟)删除
z15047907761,baijieLV,2026/01/31 15:32:41,,2026/01/31 07:32:36,同意向学员+已报名+晚8小时(±1分钟)删除
duanhaina,Qting20250306,2026/01/31 18:49:46,,2026/01/31 10:49:40,同意向学员+已报名+晚8小时(±1分钟)删除
Yoyo_English_club,y236575876,2026/01/31 19:00:28,,2026/01/31 11:00:22,同意向学员+已报名+晚8小时(±1分钟)删除
ritcheryang,xiaodingdang_1988,2026/02/01 04:38:18,,2026/01/31 20:38:14,同意向学员+已报名+晚8小时(±1分钟)删除
nmgsql123,jqqq240625,2026/02/01 07:29:06,,2026/01/31 23:29:02,同意向学员+已报名+晚8小时(±1分钟)删除
Mandy-902050,dudu440440,2026/02/01 17:46:44,,2026/02/01 09:46:39,同意向学员+已报名+晚8小时(±1分钟)删除
jiangyuke0118,naren_77,2026/02/01 18:23:04,,2026/02/01 10:22:59,同意向学员+已报名+晚8小时(±1分钟)删除
ay13145212012,lily2adu,2026/02/01 18:47:02,,2026/02/01 10:46:57,同意向学员+已报名+晚8小时(±1分钟)删除
huifeideyu1106,wyh46733327,2026/02/01 18:55:03,,2026/02/01 10:54:58,同意向学员+已报名+晚8小时(±1分钟)删除
wxid_94sxd5sutftx22,puzzle_girl1314,2026/02/01 20:15:41,,2026/02/01 12:15:35,同意向学员+已报名+晚8小时(±1分钟)删除
LX18747892678,Lt07150830,2026/02/01 21:55:18,,2026/02/01 13:55:13,同意向学员+已报名+晚8小时(±1分钟)删除
CC921376533,Shirley121114li,2026/02/02 01:26:03,,2026/02/01 17:25:58,同意向学员+已报名+晚8小时(±1分钟)删除
wn1030676582,cartoonabc_Johnny,2026/02/02 17:04:04,,2026/02/02 09:03:39,同意向学员+已报名+晚8小时(±1分钟)删除
jiangshaohua708422,wangchunling1015,2026/02/02 19:26:26,,2026/02/02 11:26:21,同意向学员+已报名+晚8小时(±1分钟)删除
liuqian320064,qf1989116,2026/02/02 22:57:37,,2026/02/02 14:57:32,同意向学员+已报名+晚8小时(±1分钟)删除
IP-yuefang,cartoonabc_Johnny,2026/02/03 01:00:46,,2026/02/02 17:00:42,同意向学员+已报名+晚8小时(±1分钟)删除
sunflower0515,yaoguai723,2026/02/03 18:11:08,,2026/02/03 10:11:02,同意向学员+已报名+晚8小时(±1分钟)删除
ya_dian_na7,cartoonabc_Johnny,2026/02/03 19:31:35,,2026/02/03 11:31:30,同意向学员+已报名+晚8小时(±1分钟)删除
WQ152629,cartoonabc_Johnny,2026/02/03 20:16:38,,2026/02/03 12:16:33,同意向学员+已报名+晚8小时(±1分钟)删除
XXYYJJ1118,chenzi227,2026/02/04 03:53:16,,2026/02/03 19:53:11,同意向学员+已报名+晚8小时(±1分钟)删除
VX15206337884,lc13386335656,2026/02/04 20:44:55,,2026/02/04 12:44:50,同意向学员+已报名+晚8小时(±1分钟)删除
bb112978947,wxid_poeee1dan9ok11,2026/02/04 23:33:43,woniuyaya,2026/02/04 15:33:38,同意向学员+已报名+晚8小时(±1分钟)删除
shancha003,pplp327,2026/02/06 04:42:09,,2026/02/05 20:42:04,同意向学员+已报名+晚8小时(±1分钟)删除
wxid_iuzbga9gtqj422,cartoonabc_Johnny,2026/02/07 01:14:04,,2026/02/06 17:13:59,同意向学员+已报名+晚8小时(±1分钟)删除
qiuqiu866,tongma66623,2026/02/07 04:18:49,,2026/02/06 20:18:42,同意向学员+已报名+晚8小时(±1分钟)删除
x807909374,Z1535933681,2026/02/07 04:37:29,,2026/02/06 20:37:24,同意向学员+已报名+晚8小时(±1分钟)删除
li08240411,Z1535933681,2026/02/07 06:09:08,,2026/02/06 22:09:04,同意向学员+已报名+晚8小时(±1分钟)删除
lzr760911,ffayy8990,2026/02/07 18:05:16,,2026/02/07 10:05:11,同意向学员+已报名+晚8小时(±1分钟)删除
yingbao-0116,xd19900918,2026/02/07 20:21:01,,2026/02/07 12:20:55,同意向学员+已报名+晚8小时(±1分钟)删除
mrh240607,cartoonabc_Johnny,2026/02/08 16:32:52,,2026/02/08 08:32:46,同意向学员+已报名+晚8小时(±1分钟)删除
gaomingxia2,cartoonabc_Johnny,2026/02/08 17:10:58,,2026/02/08 09:10:52,同意向学员+已报名+晚8小时(±1分钟)删除
JCX43262622,zuozuomu0209,2026/02/08 17:25:18,,2026/02/08 09:25:14,同意向学员+已报名+晚8小时(±1分钟)删除
cx7162cx,cartoonabc_Johnny,2026/02/08 19:38:12,,2026/02/08 11:38:07,同意向学员+已报名+晚8小时(±1分钟)删除
clsyjxccrrql,kaijiema88888,2026/02/09 02:48:01,,2026/02/08 18:47:55,同意向学员+已报名+晚8小时(±1分钟)删除
abc200691,clsyjxccrrql,2026/02/10 02:40:57,,2026/02/09 18:40:52,同意向学员+已报名+晚8小时(±1分钟)删除
-Xt-Xw-,jch81931,2026/02/11 21:36:31,,2026/02/11 13:36:27,同意向学员+已报名+晚8小时(±1分钟)删除
wxid_fust46kfs6m221,krsxd20162020,2026/02/12 21:41:56,,2026/02/12 13:41:51,同意向学员+已报名+晚8小时(±1分钟)删除
heshuning888,cartoonabc_Johnny,2026/02/13 18:44:39,,2026/02/13 10:44:32,同意向学员+已报名+晚8小时(±1分钟)删除
wxid_690ydyu7c1lj21,tongma66623,2026/02/14 02:20:46,,2026/02/13 18:20:40,同意向学员+已报名+晚8小时(±1分钟)删除
wzy8101117l,cartoonabc_Johnny,2026/02/14 06:16:53,,2026/02/13 22:16:49,同意向学员+已报名+晚8小时(±1分钟)删除
woaizhanjiang2020,tongma66623,2026/02/14 16:48:43,,2026/02/14 08:48:36,同意向学员+已报名+晚8小时(±1分钟)删除
wxid_jw2d50fwv36t22,qiu870325,2026/02/23 02:29:37,,2026/02/22 18:29:32,同意向学员+已报名+晚8小时(±1分钟)删除
x39634,Romy20150621,2026/02/23 20:24:40,,2026/02/23 12:24:34,同意向学员+已报名+晚8小时(±1分钟)删除
dylizhen83,kaijiema88888,2026/02/25 01:08:06,,2026/02/24 17:07:59,同意向学员+已报名+晚8小时(±1分钟)删除
lhy745940461,Romy20150621,2026/02/25 03:26:27,,2026/02/24 19:26:21,同意向学员+已报名+晚8小时(±1分钟)删除
FL412144165,BAICHUN0826,2026/02/25 04:04:47,,2026/02/24 20:04:42,同意向学员+已报名+晚8小时(±1分钟)删除
chenx0501,gointorose,2026/02/25 05:21:33,,2026/02/24 21:21:28,同意向学员+已报名+晚8小时(±1分钟)删除
Watermelon_19413,jch81931,2026/02/25 19:08:48,,2026/02/25 11:08:42,同意向学员+已报名+晚8小时(±1分钟)删除
wxid_katrz2qb8dfk22,wql18193312819,2026/02/25 20:55:19,,2026/02/25 12:55:14,同意向学员+已报名+晚8小时(±1分钟)删除
wang_xixi6666,whzhappy001,2026/02/27 19:56:12,,2026/02/27 11:56:06,同意向学员+已报名+晚8小时(±1分钟)删除
cloe-61,wxid_52f6ueq11e2p12,2026/02/27 23:03:58,,2026/02/27 15:03:53,同意向学员+已报名+晚8小时(±1分钟)删除
XMD1008611,cartoonabc_Johnny,2026/02/28 04:39:59,,2026/02/27 20:39:55,同意向学员+已报名+晚8小时(±1分钟)删除
kunkunma6666,cartoonabc_Johnny,2026/02/28 05:03:09,,2026/02/27 21:03:03,同意向学员+已报名+晚8小时(±1分钟)删除
yanxiaoxiao2013,cartoonabc_Johnny,2026/02/28 05:05:44,kunkunma6666,2026/02/27 21:05:38,同意向学员+已报名+晚8小时(±1分钟)删除
tcz1116,gointorose,2026/02/28 19:49:23,,2026/02/28 11:49:18,同意向学员+已报名+晚8小时(±1分钟)删除
ZY15834238737,l15235860008,2026/02/28 19:52:27,,2026/02/28 11:52:21,同意向学员+已报名+晚8小时(±1分钟)删除
yunqi2503,cartoonabc_Johnny,2026/02/28 23:08:53,,2026/02/28 15:08:48,同意向学员+已报名+晚8小时(±1分钟)删除
chengphyta,Z1535933681,2026/03/01 06:14:24,,2026/02/28 22:14:18,同意向学员+已报名+晚8小时(±1分钟)删除
renyupei005,cartoonabc_Johnny,2026/03/01 06:33:47,,2026/02/28 22:33:42,同意向学员+已报名+晚8小时(±1分钟)删除
wxid_qfuywk7mmlad22,jch81931,2026/03/01 18:58:11,,2026/03/01 10:58:05,同意向学员+已报名+晚8小时(±1分钟)删除
caihong_xiaozhuli,yuangulongdong120,2026/03/01 23:10:08,,2026/03/01 15:10:02,同意向学员+已报名+晚8小时(±1分钟)删除
Sunflowerforever777,cartoonabc_Johnny,2026/03/02 01:14:46,,2026/03/01 17:14:40,同意向学员+已报名+晚8小时(±1分钟)删除
wxid_8bpy3fll5u9q22,DLK909019,2026/03/02 02:03:38,,2026/03/01 18:03:32,同意向学员+已报名+晚8小时(±1分钟)删除
zq232295,shiliuma78549,2026/03/02 17:28:50,,2026/03/02 09:28:46,同意向学员+已报名+晚8小时(±1分钟)删除
wtt5635696,zyn15149328502,2026/03/03 00:47:12,,2026/03/02 16:47:07,同意向学员+已报名+晚8小时(±1分钟)删除
X645139446,qq1211068884,2026/03/03 04:36:43,,2026/03/02 20:36:38,同意向学员+已报名+晚8小时(±1分钟)删除
shishun8226,cartoonabc_Johnny,2026/03/03 17:35:28,,2026/03/03 09:35:22,同意向学员+已报名+晚8小时(±1分钟)删除
wangwx14720,cartoonabc_Johnny,2026/03/03 18:35:49,,2026/03/03 10:35:44,同意向学员+已报名+晚8小时(±1分钟)删除
xfllz8668,shiliuma78549,2026/03/03 19:46:14,,2026/03/03 11:46:09,同意向学员+已报名+晚8小时(±1分钟)删除
srn618,baijieLV,2026/03/03 22:22:23,,2026/03/03 14:22:19,同意向学员+已报名+晚8小时(±1分钟)删除
qq570629960,cartoonabc_Johnny,2026/03/04 19:12:53,,2026/03/04 11:12:48,同意向学员+已报名+晚8小时(±1分钟)删除
Y-3638268,qq458673533,2026/03/04 19:20:57,,2026/03/04 11:20:52,同意向学员+已报名+晚8小时(±1分钟)删除
Z15540143525,whywhy1212,2026/03/04 23:39:33,,2026/03/04 15:39:27,同意向学员+已报名+晚8小时(±1分钟)删除
H18686007062,wxid_u4atzkq4ck2521,2026/03/05 02:25:22,,2026/03/04 18:25:16,同意向学员+已报名+晚8小时(±1分钟)删除
mh_fine2,z18748934077,2026/03/05 04:58:09,,2026/03/04 20:58:05,同意向学员+已报名+晚8小时(±1分钟)删除
rong527763,wowabc9,2026/03/05 18:32:49,,2026/03/05 10:32:44,同意向学员+已报名+晚8小时(±1分钟)删除
Seexiaoxiao827,fanfan12cat,2026/03/05 21:58:46,,2026/03/05 13:58:41,同意向学员+已报名+晚8小时(±1分钟)删除
abc667071,cartoonabc_Johnny,2026/03/06 00:39:28,,2026/03/05 16:39:24,同意向学员+已报名+晚8小时(±1分钟)删除
Quxianlianguan,tongma66623,2026/03/06 01:49:52,,2026/03/05 17:49:47,同意向学员+已报名+晚8小时(±1分钟)删除
CCIDD0218,cartoonabc_Johnny,2026/03/06 03:58:50,,2026/03/05 19:58:44,同意向学员+已报名+晚8小时(±1分钟)删除
xiaodu_lf1990,cartoonabc_Johnny,2026/03/06 16:45:01,,2026/03/06 08:44:56,同意向学员+已报名+晚8小时(±1分钟)删除
zj13035220153,Romy20150621,2026/03/06 18:21:40,,2026/03/06 10:21:36,同意向学员+已报名+晚8小时(±1分钟)删除
Wangdandan5078,gointorose,2026/03/06 18:55:54,,2026/03/06 10:55:48,同意向学员+已报名+晚8小时(±1分钟)删除
xiaoshi20131210,MM2328-,2026/03/06 22:31:41,,2026/03/06 14:31:36,同意向学员+已报名+晚8小时(±1分钟)删除
bmaixixibaby,cartoonabc_Johnny,2026/03/07 01:43:32,,2026/03/06 17:43:25,同意向学员+已报名+晚8小时(±1分钟)删除
duanzhang1521wj,cartoonabc_Johnny,2026/03/07 05:28:53,,2026/03/06 21:28:48,同意向学员+已报名+晚8小时(±1分钟)删除
Ye_su_ai_wo_men,jqqq240625,2026/03/07 16:41:05,,2026/03/07 08:41:00,同意向学员+已报名+晚8小时(±1分钟)删除
KrismileBY,cartoonabc_Johnny,2026/03/07 21:55:21,,2026/03/07 13:55:15,同意向学员+已报名+晚8小时(±1分钟)删除
yang1334367299,chensufen1208,2026/03/07 21:56:08,,2026/03/07 13:55:17,同意向学员+已报名+晚8小时(±1分钟)删除
boke328666,y236575876,2026/03/08 01:41:22,,2026/03/07 17:41:17,同意向学员+已报名+晚8小时(±1分钟)删除
aodonggaowa,embraer195,2026/03/08 02:31:37,,2026/03/07 18:31:32,同意向学员+已报名+晚8小时(±1分钟)删除
Miss_mm_J,lily2adu,2026/03/08 03:30:56,,2026/03/07 19:30:52,同意向学员+已报名+晚8小时(±1分钟)删除
wxid_ug0vtlulcxyk22,cartoonabc_Johnny,2026/03/08 05:20:15,,2026/03/07 21:20:07,同意向学员+已报名+晚8小时(±1分钟)删除
zhaozhigang1987_,Doll1132457838,2026/03/08 23:53:11,yxmhyz,2026/03/08 15:53:06,同意向学员+已报名+晚8小时(±1分钟)删除
cyx6009,cartoonabc_Johnny,2026/03/09 20:37:12,,2026/03/09 12:37:07,同意向学员+已报名+晚8小时(±1分钟)删除
duola253851,yy61649290,2026/03/10 02:41:47,,2026/03/09 18:41:27,同意向学员+已报名+晚8小时(±1分钟)删除
mermaidtears_5505,chenzi227,2026/03/10 16:02:14,,2026/03/10 08:02:08,同意向学员+已报名+晚8小时(±1分钟)删除
ALI13727353371,yaoguai723,2026/03/10 18:56:09,,2026/03/10 10:56:05,同意向学员+已报名+晚8小时(±1分钟)删除
w829724,zuozuomu0209,2026/03/10 20:03:14,,2026/03/10 12:03:09,同意向学员+已报名+晚8小时(±1分钟)删除
wy595209695,puzzle_girl1314,2026/03/11 03:35:47,,2026/03/10 19:35:41,同意向学员+已报名+晚8小时(±1分钟)删除
myflavour,cartoonabc_Johnny,2026/03/11 04:21:47,,2026/03/10 20:21:43,同意向学员+已报名+晚8小时(±1分钟)删除
ylr0224,gointorose,2026/03/11 17:18:07,,2026/03/11 09:18:01,同意向学员+已报名+晚8小时(±1分钟)删除
wxid_7005480055422,Ashley_JDN957,2026/03/11 17:34:55,,2026/03/11 09:34:51,同意向学员+已报名+晚8小时(±1分钟)删除
caoyl0215,jch81931,2026/03/11 18:43:22,,2026/03/11 10:43:17,同意向学员+已报名+晚8小时(±1分钟)删除
wxid_zkzcvnvo0szz22,cartoonabc_Johnny,2026/03/12 06:22:30,,2026/03/11 22:22:24,同意向学员+已报名+晚8小时(±1分钟)删除
Erica-cool-girl,cartoonabc_Johnny,2026/03/12 18:02:53,,2026/03/12 10:02:48,同意向学员+已报名+晚8小时(±1分钟)删除
TY18907564920,cartoonabc_Johnny,2026/03/12 18:08:57,,2026/03/12 10:08:53,同意向学员+已报名+晚8小时(±1分钟)删除
wxid_qlxmegsbdmo721,fl690335052,2026/03/12 20:17:36,,2026/03/12 12:17:31,同意向学员+已报名+晚8小时(±1分钟)删除
Ahhnmgdzhwnqshc,cartoonabc_Johnny,2026/03/13 17:37:24,,2026/03/13 09:37:20,同意向学员+已报名+晚8小时(±1分钟)删除
yanzitaotao123,neibushipin,2026/03/13 19:06:17,,2026/03/13 11:06:11,同意向学员+已报名+晚8小时(±1分钟)删除
were090,yuangulongdong120,2026/03/13 19:46:11,,2026/03/13 11:46:05,同意向学员+已报名+晚8小时(±1分钟)删除
na_shi_hua_kai,modoing,2026/03/14 20:03:43,,2026/03/14 12:03:39,同意向学员+已报名+晚8小时(±1分钟)删除
ltt753641297,wenmin2018930,2026/03/14 20:53:55,,2026/03/14 12:53:50,同意向学员+已报名+晚8小时(±1分钟)删除
ANGEL37082555,shiliuma78549,2026/03/14 21:10:02,,2026/03/14 13:09:57,同意向学员+已报名+晚8小时(±1分钟)删除
LiQiuyan75,gointorose,2026/03/15 18:55:22,,2026/03/15 10:55:18,同意向学员+已报名+晚8小时(±1分钟)删除
dodomum2021,gointorose,2026/03/15 21:26:31,,2026/03/15 13:26:25,同意向学员+已报名+晚8小时(±1分钟)删除
XiangQH68,lily2adu,2026/03/15 23:37:35,,2026/03/15 15:37:31,同意向学员+已报名+晚8小时(±1分钟)删除
Woshidamei123456789,Kema88818,2026/03/16 00:12:27,,2026/03/15 16:12:23,同意向学员+已报名+晚8小时(±1分钟)删除
ytn0519,syx789678,2026/03/16 02:15:42,,2026/03/15 18:15:37,同意向学员+已报名+晚8小时(±1分钟)删除
ab8201,cartoonabc_Johnny,2026/03/16 20:01:45,,2026/03/16 12:01:41,同意向学员+已报名+晚8小时(±1分钟)删除
ZHQ1513511,qq277187952,2026/03/17 03:27:12,,2026/03/16 19:27:06,同意向学员+已报名+晚8小时(±1分钟)删除
Fangtang427,guoguoai98337,2026/03/17 04:25:18,,2026/03/16 20:25:14,同意向学员+已报名+晚8小时(±1分钟)删除
yuyanghui123,y236575876,2026/03/17 06:17:02,,2026/03/16 22:16:57,同意向学员+已报名+晚8小时(±1分钟)删除
le_tingf,cartoonabc_Johnny,2026/03/17 18:54:49,,2026/03/17 10:54:44,同意向学员+已报名+晚8小时(±1分钟)删除
naren_77,a18686055748,2026/03/17 20:04:50,,2026/03/17 12:04:45,同意向学员+已报名+晚8小时(±1分钟)删除
Maxyingyu888,Kema88818,2026/03/18 04:18:50,,2026/03/17 20:18:45,同意向学员+已报名+晚8小时(±1分钟)删除
aijia-_,wxid_oolkappndsok12,2026/03/18 04:51:04,,2026/03/17 20:50:58,同意向学员+已报名+晚8小时(±1分钟)删除
lucky012345a,Shaolili777777,2026/03/18 18:10:43,,2026/03/18 10:10:38,同意向学员+已报名+晚8小时(±1分钟)删除
hapi555888,wenmin2018930,2026/03/18 21:01:42,,2026/03/18 13:01:36,同意向学员+已报名+晚8小时(±1分钟)删除
MING2218649,gointorose,2026/03/18 23:00:23,,2026/03/18 15:00:18,同意向学员+已报名+晚8小时(±1分钟)删除
mali--1678,cartoonabc_Johnny,2026/03/18 23:36:19,,2026/03/18 15:36:14,同意向学员+已报名+晚8小时(±1分钟)删除
dacong223,baijieLV,2026/03/19 02:57:32,,2026/03/18 18:57:27,同意向学员+已报名+晚8小时(±1分钟)删除
chen-yue188,y236575876,2026/03/19 19:58:35,,2026/03/19 11:58:30,同意向学员+已报名+晚8小时(±1分钟)删除
wxid_yn72rdg01aq911,cartoonabc_Johnny,2026/03/20 00:09:54,,2026/03/19 16:09:49,同意向学员+已报名+晚8小时(±1分钟)删除
wxid_g2nmhjr75myn21,Esme_202503,2026/03/20 00:40:43,,2026/03/19 16:40:37,同意向学员+已报名+晚8小时(±1分钟)删除
z787382758,whywhy1212,2026/03/20 01:18:50,,2026/03/19 17:18:45,同意向学员+已报名+晚8小时(±1分钟)删除
qq15713607056,si287399656,2026/03/20 02:59:34,,2026/03/19 18:59:28,同意向学员+已报名+晚8小时(±1分钟)删除
wxid_oc9iw0qe11f722,whywhy1212,2026/03/20 17:32:35,,2026/03/20 09:32:29,同意向学员+已报名+晚8小时(±1分钟)删除
zsf2020dou,krsxd20162020,2026/03/21 00:35:48,,2026/03/20 16:35:43,同意向学员+已报名+晚8小时(±1分钟)删除
qq110758383,cartoonabc_Johnny,2026/03/21 02:40:37,,2026/03/20 18:40:31,同意向学员+已报名+晚8小时(±1分钟)删除
dudu440440,baicai4027,2026/03/21 05:00:40,,2026/03/20 21:00:34,同意向学员+已报名+晚8小时(±1分钟)删除
MM19997670625,cartoonabc_Johnny,2026/03/21 05:19:14,,2026/03/20 21:19:09,同意向学员+已报名+晚8小时(±1分钟)删除
nana077426,cartoonabc_Johnny,2026/03/21 21:09:06,,2026/03/21 13:09:01,同意向学员+已报名+晚8小时(±1分钟)删除
LaiNeylainey,Woshidamei123456789,2026/03/21 21:35:02,,2026/03/21 13:34:56,同意向学员+已报名+晚8小时(±1分钟)删除
qq467592518,cartoonabc_Johnny,2026/03/22 20:07:43,,2026/03/22 12:07:39,同意向学员+已报名+晚8小时(±1分钟)删除
kelly_pang,cartoonabc_Johnny,2026/03/22 20:54:09,,2026/03/22 12:54:03,同意向学员+已报名+晚8小时(±1分钟)删除
dmb1479,jqqq240625,2026/03/22 21:13:17,,2026/03/22 13:13:11,同意向学员+已报名+晚8小时(±1分钟)删除
zhangbaoyue634419,cartoonabc_Johnny,2026/03/23 03:35:01,,2026/03/22 19:34:55,同意向学员+已报名+晚8小时(±1分钟)删除
qq360137773,cartoonabc_Johnny,2026/03/23 04:55:04,,2026/03/22 20:55:00,同意向学员+已报名+晚8小时(±1分钟)删除
yuxiner627,Romy20150621,2026/03/23 06:13:54,,2026/03/22 22:13:48,同意向学员+已报名+晚8小时(±1分钟)删除
H7999R,yuxiner627,2026/03/23 06:15:24,,2026/03/22 22:15:18,同意向学员+已报名+晚8小时(±1分钟)删除
cicishuangyuriji,wowabc9,2026/03/23 22:05:35,,2026/03/23 14:05:30,同意向学员+已报名+晚8小时(±1分钟)删除
Rui56638516,dmb1479,2026/03/23 23:49:23,,2026/03/23 15:49:19,同意向学员+已报名+晚8小时(±1分钟)删除
miss---0821,gointorose,2026/03/23 23:54:56,,2026/03/23 15:54:51,同意向学员+已报名+晚8小时(±1分钟)删除
suzj611,cartoonabc_Johnny,2026/03/24 00:37:57,,2026/03/23 16:37:50,同意向学员+已报名+晚8小时(±1分钟)删除
dazzling1299,cartoonabc_Johnny,2026/03/24 05:43:14,,2026/03/23 21:43:09,同意向学员+已报名+晚8小时(±1分钟)删除
ququ410969511,cartoonabc_Johnny,2026/03/24 16:24:59,,2026/03/24 08:24:54,同意向学员+已报名+晚8小时(±1分钟)删除
wyr13674823802,DaRongregina,2026/03/24 16:33:58,,2026/03/24 08:33:53,同意向学员+已报名+晚8小时(±1分钟)删除
LJ8999990,y236575876,2026/03/24 19:27:16,,2026/03/24 11:27:11,同意向学员+已报名+晚8小时(±1分钟)删除
nmgulaan,cartoonabc_Johnny,2026/03/24 19:50:49,,2026/03/24 11:50:44,同意向学员+已报名+晚8小时(±1分钟)删除
wxid_4byv6tjbajq921,gointorose,2026/03/24 20:13:32,,2026/03/24 12:13:28,同意向学员+已报名+晚8小时(±1分钟)删除
xiaoya666yy,yunqi2503,2026/03/24 23:07:45,,2026/03/24 15:07:40,同意向学员+已报名+晚8小时(±1分钟)删除
BOYU0108,whywhy1212,2026/03/25 16:38:20,,2026/03/25 08:38:16,同意向学员+已报名+晚8小时(±1分钟)删除
luyunying129,Timy_love,2026/03/25 17:27:46,,2026/03/25 09:27:41,同意向学员+已报名+晚8小时(±1分钟)删除
wxid_ylbhahd33ms421,XMD1008611,2026/03/26 04:12:33,,2026/03/25 20:12:28,同意向学员+已报名+晚8小时(±1分钟)删除
qhx314426,shiliuma78549,2026/03/26 19:35:26,,2026/03/26 11:35:21,同意向学员+已报名+晚8小时(±1分钟)删除
qq79247624,Aoligey0802,2026/03/26 23:27:38,,2026/03/26 15:27:33,同意向学员+已报名+晚8小时(±1分钟)删除
daya822,gointorose,2026/03/27 04:38:40,,2026/03/26 20:38:35,同意向学员+已报名+晚8小时(±1分钟)删除
qing1019696415,cartoonabc_Johnny,2026/03/27 21:37:02,,2026/03/27 13:36:57,同意向学员+已报名+晚8小时(±1分钟)删除
s18692250089,wenmin2018930,2026/03/27 23:17:23,,2026/03/27 15:17:16,同意向学员+已报名+晚8小时(±1分钟)删除
h1984723958,tt460657021,2026/03/28 02:47:18,,2026/03/27 18:47:13,同意向学员+已报名+晚8小时(±1分钟)删除
gl13574678,gointorose,2026/03/28 19:07:58,,2026/03/28 11:07:53,同意向学员+已报名+晚8小时(±1分钟)删除
Kema88818,cartoonabc_Johnny,2026/03/28 19:15:46,,2026/03/28 11:15:40,同意向学员+已报名+晚8小时(±1分钟)删除
liuyinvxia,Romy20150621,2026/03/29 01:01:13,,2026/03/28 17:01:08,同意向学员+已报名+晚8小时(±1分钟)删除
duanduan717610,gointorose,2026/03/29 03:01:24,,2026/03/28 19:01:18,同意向学员+已报名+晚8小时(±1分钟)删除
wxid_6700497004812,yy61649290,2026/03/29 14:58:21,,2026/03/29 06:58:16,同意向学员+已报名+晚8小时(±1分钟)删除
ruixinmama08291205,hwj9659,2026/03/29 22:03:07,,2026/03/29 14:03:02,同意向学员+已报名+晚8小时(±1分钟)删除
yaoyao199010140345,hyb1539511615,2026/03/30 03:37:30,,2026/03/29 19:37:25,同意向学员+已报名+晚8小时(±1分钟)删除
yujie_0109,cartoonabc_Johnny,2026/03/30 18:55:03,,2026/03/30 10:54:58,同意向学员+已报名+晚8小时(±1分钟)删除
whyzl2017,fl690335052,2026/03/30 23:48:17,,2026/03/30 15:48:11,同意向学员+已报名+晚8小时(±1分钟)删除
shijia869391542,cartoonabc_Johnny,2026/03/31 02:22:51,,2026/03/30 18:22:46,同意向学员+已报名+晚8小时(±1分钟)删除
luyufeng3187,youthhero001,2026/03/31 05:26:36,,2026/03/30 21:26:30,同意向学员+已报名+晚8小时(±1分钟)删除
Amelia-LJH,fanfan12cat,2026/03/31 05:50:38,,2026/03/30 21:50:34,同意向学员+已报名+晚8小时(±1分钟)删除
HAPPY_every__day123,suzj611,2026/03/31 06:56:01,,2026/03/30 22:55:55,同意向学员+已报名+晚8小时(±1分钟)删除
Vikcy-Daisy,Kema88818,2026/03/31 22:17:34,,2026/03/31 14:17:30,同意向学员+已报名+晚8小时(±1分钟)删除
weibowudan-pet,chenzi227,2026/03/31 23:11:28,,2026/03/31 15:11:23,同意向学员+已报名+晚8小时(±1分钟)删除
Seeleare,cartoonabc_Johnny,2026/03/31 23:23:53,,2026/03/31 15:23:47,同意向学员+已报名+晚8小时(±1分钟)删除
Famiglistmo-jia,cartoonabc_Johnny,2026/04/01 01:09:15,,2026/03/31 17:09:11,同意向学员+已报名+晚8小时(±1分钟)删除
zhaoyanqing3857,cartoonabc_Johnny,2026/04/01 04:51:59,,2026/03/31 20:51:54,同意向学员+已报名+晚8小时(±1分钟)删除
sx-229988,cartoonabc_Johnny,2026/04/01 17:28:33,,2026/04/01 09:28:28,同意向学员+已报名+晚8小时(±1分钟)删除
si287399656,z18748934077,2026/04/01 22:02:55,,2026/04/01 14:02:50,同意向学员+已报名+晚8小时(±1分钟)删除
metoo_521,a18686055748,2026/04/01 23:00:44,,2026/04/01 15:00:38,同意向学员+已报名+晚8小时(±1分钟)删除
Mihoutao-dearMaMa,pingguo2011520,2026/04/01 23:04:14,,2026/04/01 15:04:08,同意向学员+已报名+晚8小时(±1分钟)删除
gj15248401437,baicai4027,2026/04/02 02:45:51,,2026/04/01 18:45:46,同意向学员+已报名+晚8小时(±1分钟)删除
yolandaxiaoxiaomi,pplp327,2026/04/02 03:21:03,,2026/04/01 19:20:57,同意向学员+已报名+晚8小时(±1分钟)删除
wangyanying0807,shiliuma78549,2026/04/02 04:47:32,,2026/04/01 20:47:26,同意向学员+已报名+晚8小时(±1分钟)删除
xingxingma88888,kaijiema88888,2026/04/02 17:03:24,,2026/04/02 09:03:20,同意向学员+已报名+晚8小时(±1分钟)删除
liudan2661,chenning7583309,2026/04/02 18:18:29,,2026/04/02 10:18:25,同意向学员+已报名+晚8小时(±1分钟)删除
wangxiaozhe0056,cartoonabc_Johnny,2026/04/03 03:49:51,,2026/04/02 19:49:46,同意向学员+已报名+晚8小时(±1分钟)删除
haibojiahaixian,cartoonabc_Johnny,2026/04/03 22:01:42,,2026/04/03 14:01:36,同意向学员+已报名+晚8小时(±1分钟)删除
G19586961150,yuangulongdong120,2026/04/04 03:25:13,,2026/04/03 19:25:08,同意向学员+已报名+晚8小时(±1分钟)删除
wxid_l4inbwl0lrh811,whzhappy001,2026/04/05 04:13:43,,2026/04/04 20:13:38,同意向学员+已报名+晚8小时(±1分钟)删除
wxid_v89f4w4n5jut21,whywhy1212,2026/04/05 16:24:29,,2026/04/05 08:24:23,同意向学员+已报名+晚8小时(±1分钟)删除
lilin5400,cartoonabc_Johnny,2026/04/06 04:21:12,,2026/04/05 20:21:07,同意向学员+已报名+晚8小时(±1分钟)删除
wq15248002420,cartoonabc_Johnny,2026/04/06 04:29:29,,2026/04/05 20:29:23,同意向学员+已报名+晚8小时(±1分钟)删除
lizixifu0015,cartoonabc_Johnny,2026/04/06 19:14:55,,2026/04/06 11:14:50,同意向学员+已报名+晚8小时(±1分钟)删除
conger791283,cartoonabc_Johnny,2026/04/07 00:14:43,,2026/04/06 16:14:39,同意向学员+已报名+晚8小时(±1分钟)删除
zhangyulin282911,cartoonabc_Johnny,2026/04/07 17:20:30,,2026/04/07 09:20:26,同意向学员+已报名+晚8小时(±1分钟)删除
Bellajunma19,Kema88818,2026/04/07 19:42:21,,2026/04/07 11:42:16,同意向学员+已报名+晚8小时(±1分钟)删除
LXM1032063846,LYB2026666888,2026/04/07 20:01:31,,2026/04/07 12:01:26,同意向学员+已报名+晚8小时(±1分钟)删除
hp1797015615,fc0203zph,2026/04/08 18:23:48,,2026/04/08 10:23:43,同意向学员+已报名+晚8小时(±1分钟)删除
mzq511045529,jch81931,2026/04/08 22:15:38,,2026/04/08 14:15:33,同意向学员+已报名+晚8小时(±1分钟)删除
ljxxwl0809,syx789678,2026/04/08 22:27:59,,2026/04/08 14:27:54,同意向学员+已报名+晚8小时(±1分钟)删除
Wi4444,modoing,2026/04/09 00:41:35,,2026/04/08 16:41:29,同意向学员+已报名+晚8小时(±1分钟)删除
linlin2865884373,si287399656,2026/04/09 17:51:32,,2026/04/09 09:51:28,同意向学员+已报名+晚8小时(±1分钟)删除
wxid_i3b1lmt1qkno22,modoing,2026/04/09 18:28:56,,2026/04/09 10:28:51,同意向学员+已报名+晚8小时(±1分钟)删除
S18853950095,baicai4027,2026/04/10 04:05:12,,2026/04/09 20:05:07,同意向学员+已报名+晚8小时(±1分钟)删除
zhao18743046185,gointorose,2026/04/10 04:09:47,,2026/04/09 20:09:42,同意向学员+已报名+晚8小时(±1分钟)删除
y651189352,cartoonabc_Johnny,2026/04/10 17:36:09,,2026/04/10 09:36:05,同意向学员+已报名+晚8小时(±1分钟)删除
jiaojiao8196,Kema88818,2026/04/10 18:31:46,,2026/04/10 10:31:41,同意向学员+已报名+晚8小时(±1分钟)删除
x_336688,jch81931,2026/04/10 18:56:20,,2026/04/10 10:56:15,同意向学员+已报名+晚8小时(±1分钟)删除
jlmm567,wxid_kd1z9kw0bnud22,2026/04/10 19:51:52,,2026/04/10 11:51:47,同意向学员+已报名+晚8小时(±1分钟)删除
fzyr80606489,cartoonabc_Johnny,2026/04/11 05:58:23,,2026/04/10 21:58:18,同意向学员+已报名+晚8小时(±1分钟)删除
grl154154,gointorose,2026/04/11 22:21:47,,2026/04/11 14:21:42,同意向学员+已报名+晚8小时(±1分钟)删除
-QT888888,pplp327,2026/04/12 04:15:29,,2026/04/11 20:15:25,同意向学员+已报名+晚8小时(±1分钟)删除
hrhbstjk,yuangulongdong120,2026/04/12 23:17:31,,2026/04/12 15:17:26,同意向学员+已报名+晚8小时(±1分钟)删除
G1988R0302,cartoonabc_Johnny,2026/04/12 23:52:41,,2026/04/12 15:52:35,同意向学员+已报名+晚8小时(±1分钟)删除
wy4855436,zml_fqyd,2026/04/13 00:55:37,,2026/04/12 16:55:33,同意向学员+已报名+晚8小时(±1分钟)删除
guo1024927112,zy1019hxj0320,2026/04/13 05:16:37,,2026/04/12 21:16:31,同意向学员+已报名+晚8小时(±1分钟)删除
wxid_c10ibuwe8lzw12,yuluwen152122,2026/04/13 16:33:15,,2026/04/13 08:33:09,同意向学员+已报名+晚8小时(±1分钟)删除
chuwenjing2007,zaoma1110,2026/04/13 21:03:07,,2026/04/13 13:03:03,同意向学员+已报名+晚8小时(±1分钟)删除
xiaoxuan998125,y236575876,2026/04/14 17:28:08,,2026/04/14 09:28:01,同意向学员+已报名+晚8小时(±1分钟)删除
ShineOnXin,jch81931,2026/04/14 17:55:25,,2026/04/14 09:55:19,同意向学员+已报名+晚8小时(±1分钟)删除
wxid_ulg0nur7do3122,modoing,2026/04/14 22:52:02,,2026/04/14 14:51:57,同意向学员+已报名+晚8小时(±1分钟)删除
fm_qipodu,cartoonabc_Johnny,2026/04/15 01:16:43,,2026/04/14 17:16:38,同意向学员+已报名+晚8小时(±1分钟)删除
wxid_ow8jid9jo33s22,dudu440440,2026/04/15 16:39:31,,2026/04/15 08:39:25,同意向学员+已报名+晚8小时(±1分钟)删除
wxid_2pnq2hlfe7di22,Claire113399,2026/04/15 16:59:43,,2026/04/15 08:59:37,同意向学员+已报名+晚8小时(±1分钟)删除
kjx5203137,dmb1479,2026/04/16 01:50:41,,2026/04/15 17:50:37,同意向学员+已报名+晚8小时(±1分钟)删除
wxid_15gi1hutzdms21,cartoonabc_Johnny,2026/04/16 18:12:15,,2026/04/16 10:12:11,同意向学员+已报名+晚8小时(±1分钟)删除
wxid_tr1j0a58bn3y22,guangyao1911,2026/04/16 22:06:48,,2026/04/16 14:06:43,同意向学员+已报名+晚8小时(±1分钟)删除
--liuyitong,whywhy1212,2026/04/17 02:39:16,,2026/04/16 18:39:11,同意向学员+已报名+晚8小时(±1分钟)删除
ly0127hh,chenzi227,2026/04/17 17:33:55,,2026/04/17 09:33:50,同意向学员+已报名+晚8小时(±1分钟)删除
abcd420680698,gointorose,2026/04/17 18:00:34,,2026/04/17 10:00:30,同意向学员+已报名+晚8小时(±1分钟)删除
doudoukirty,baicai4027,2026/04/17 20:34:34,,2026/04/17 12:34:28,同意向学员+已报名+晚8小时(±1分钟)删除
halohavefun,y236575876,2026/04/17 22:15:10,,2026/04/17 14:15:04,同意向学员+已报名+晚8小时(±1分钟)删除
sara246800,m137535208,2026/04/17 23:25:58,,2026/04/17 15:25:52,同意向学员+已报名+晚8小时(±1分钟)删除
